truetaxa,del13c,del13c_se,n,min,max,del13c_sd,del13c_var,genus,division
Acetabularia acetabulum,-11.1,NA,1,-11.1,-11.1,NA,NA,Acetabularia,Chlorophyta
Acetabularia sp. 1,-12.3,NA,1,-12.3,-12.3,NA,NA,Acetabularia,Chlorophyta
Acrosiphonia arcta,-17.55,NA,1,-17.55,-17.55,NA,NA,Acrosiphonia,Chlorophyta
Acrosiphonia coalita,-17.54775,NA,1,-17.55,-17.55,NA,NA,Acrosiphonia,Chlorophyta
Blidingia marginata,-16.6,NA,1,-16.6,-16.6,NA,NA,Blidingia,Chlorophyta
Boergesenia forbesii,-16.7,NA,1,-16.7,-16.7,NA,NA,Boergesenia,Chlorophyta
Bryopsis plumosa,-19.35,NA,1,-19.35,-19.35,NA,NA,Bryopsis,Chlorophyta
Caulerpa brownii,-28.925,1.375,2,-30.3,-27.55,1.9445436483,3.78125,Caulerpa,Chlorophyta
Caulerpa cactoides,-21.525,0.175,2,-21.7,-21.35,0.2474873734,0.06125,Caulerpa,Chlorophyta
Caulerpa flexilis,-31.1375,0.6518739014,4,-32.98,-30.18,1.3037478028,1.6997583333,Caulerpa,Chlorophyta
Caulerpa geminata,-22.9175,0.865480358,4,-24.93,-20.7,1.7309607159,2.996225,Caulerpa,Chlorophyta
Caulerpa hodkinsoniae,-25.565,0.705,2,-26.27,-24.86,0.9970205615,0.99405,Caulerpa,Chlorophyta
Caulerpa longifolia,-28.55,NA,1,-28.55,-28.55,NA,NA,Caulerpa,Chlorophyta
Caulerpa mexicana,-20.46,NA,1,-20.46,-20.46,NA,NA,Caulerpa,Chlorophyta
Caulerpa microphysa,-20.5983333333,0.4771681511,6,-22.79,-19.6,1.1688184918,1.3661366667,Caulerpa,Chlorophyta
Caulerpa obscura,-29.772,0.6394091022,10,-33.33,-25.92,2.0219891197,4.08844,Caulerpa,Chlorophyta
Caulerpa prolifera,-13.18,0.72,2,-13.9,-12.46,1.0182337649,1.0368,Caulerpa,Chlorophyta
Caulerpa racemosa,-16.55,NA,1,-16.55,-16.55,NA,NA,Caulerpa,Chlorophyta
Caulerpa scalpelliformis,-18.63,0.77,2,-19.4,-17.86,1.088944443,1.1858,Caulerpa,Chlorophyta
Caulerpa serrulata,-12.21,NA,1,-12.21,-12.21,NA,NA,Caulerpa,Chlorophyta
Caulerpa taxifolia,-18.31,0.3840138886,4,-19.27,-17.67,0.7680277773,0.5898666667,Caulerpa,Chlorophyta
Caulerpa trifaria,-32.814,0.7984960864,5,-35.08,-31.2,1.785491529,3.18798,Caulerpa,Chlorophyta
Chaetomorpha coliformis,-17.63,3.03,2,-20.66,-14.6,4.285067094,18.3618,Chaetomorpha,Chlorophyta
Chaetomorpha linum,-18.7,0.7946743187,11,-21.8,-14.73,2.6356365455,6.94658,Chaetomorpha,Chlorophyta
Chaetomorpha sp. 1,-16.15,0.49,2,-16.64,-15.66,0.6929646456,0.4802,Chaetomorpha,Chlorophyta
Chlorodesmis fastigiata,-19.5,NA,1,-19.5,-19.5,NA,NA,Chlorodesmis,Chlorophyta
Chlorodesmis sp. 1,-17.135,0.255,2,-17.39,-16.88,0.3606244584,0.13005,Chlorodesmis,Chlorophyta
Cladophora albida,-10.83,NA,1,-10.83,-10.83,NA,NA,Cladophora,Chlorophyta
Cladophora columbiana,-13.765,NA,1,-13.77,-13.77,NA,NA,Cladophora,Chlorophyta
Cladophora feredayi,-15.8,0.9565563235,4,-18.5,-14.3,1.913112647,3.66,Cladophora,Chlorophyta
Cladophora glomerata,-31.9166666667,0.6865412507,9,-35.57,-28.63,2.059623752,4.24205,Cladophora,Chlorophyta
Cladophora hutchinsonia,-12.15,NA,1,-12.15,-12.15,NA,NA,Cladophora,Chlorophyta
Cladophora laetevirens,-15.64,NA,1,-15.64,-15.64,NA,NA,Cladophora,Chlorophyta
Cladophora prolifera,-17.605,0.105,2,-17.71,-17.5,0.148492424,0.02205,Cladophora,Chlorophyta
Cladophora rupestris,-16.3464285714,0.6299010974,14,-21.3,-13.33,2.3568740939,5.5548554945,Cladophora,Chlorophyta
Cladophora sericea,-16.66,NA,1,-16.66,-16.66,NA,NA,Cladophora,Chlorophyta
Cladophora sp. 1,-14.51,0.6668583058,3,-15.67,-13.36,1.1550324671,1.3341,Cladophora,Chlorophyta
Cladophora sp. 2,-15.2,NA,1,-15.2,-15.2,NA,NA,Cladophora,Chlorophyta
Cladophora sp. 3,-16.12,NA,1,-16.12,-16.12,NA,NA,Cladophora,Chlorophyta
Cladophora sp. 4,-17.25,NA,1,-17.25,-17.25,NA,NA,Cladophora,Chlorophyta
Cladophora valonioides,-18.12,NA,1,-18.12,-18.12,NA,NA,Cladophora,Chlorophyta
Codium adhaerens,-7.73,NA,1,-7.73,-7.73,NA,NA,Codium,Chlorophyta
Codium arabicum,-10.3,NA,1,-10.3,-10.3,NA,NA,Codium,Chlorophyta
Codium bursa,-11.335,1.035,2,-12.37,-10.3,1.4637110371,2.14245,Codium,Chlorophyta
Codium convulutum,-14.54,NA,1,-14.54,-14.54,NA,NA,Codium,Chlorophyta
Codium decorticatum,-11.98,NA,1,-11.98,-11.98,NA,NA,Codium,Chlorophyta
Codium fragile,-14.2721428571,1.018922712,14,-24.5,-10.23,3.8124596917,14.5348489011,Codium,Chlorophyta
Codium hubsii,-8.17,NA,1,-8.17,-8.17,NA,NA,Codium,Chlorophyta
Codium mamillosum,-16.765,2.565,2,-19.33,-14.2,3.6274577875,13.15845,Codium,Chlorophyta
Codium muelleri,-13.21,NA,1,-13.21,-13.21,NA,NA,Codium,Chlorophyta
Codium pomoides,-2.47,NA,1,-2.47,-2.47,NA,NA,Codium,Chlorophyta
Codium setchellii,-14.51825,NA,1,-14.52,-14.52,NA,NA,Codium,Chlorophyta
Codium sp. 1,-15.6,NA,1,-15.6,-15.6,NA,NA,Codium,Chlorophyta
Codium sp. 2,-15.76,NA,1,-15.76,-15.76,NA,NA,Codium,Chlorophyta
Codium sp. 3,-12.165,2.305,2,-14.47,-9.86,3.2597622613,10.62605,Codium,Chlorophyta
Codium sp. 4,-10.86,NA,1,-10.86,-10.86,NA,NA,Codium,Chlorophyta
Codium tomentosum,-14,NA,1,-14,-14,NA,NA,Codium,Chlorophyta
Dictyosphaeria sericea,-6.33,NA,1,-6.33,-6.33,NA,NA,Dictyosphaeria,Chlorophyta
Flabellia petiolata,-31.1,1.5,2,-32.6,-29.6,2.1213203436,4.5,Flabellia,Chlorophyta
Halimeda cylindracea,-9.8,NA,1,-9.8,-9.8,NA,NA,Halimeda,Chlorophyta
Halimeda distorta,-4.2525,1.015894662,8,-7.79,-0.64,2.8733840179,8.2563357143,Halimeda,Chlorophyta
Halimeda macroloba,-18,3.2,2,-21.2,-14.8,4.5254833996,20.48,Halimeda,Chlorophyta
Halimeda opuntia,-17.05,2.65,2,-19.7,-14.4,3.7476659403,14.045,Halimeda,Chlorophyta
Halimeda sp. 1,-11.33,NA,1,-11.33,-11.33,NA,NA,Halimeda,Chlorophyta
Halimeda sp. 2,-6.83,NA,1,-6.83,-6.83,NA,NA,Halimeda,Chlorophyta
Halimeda tuna,-19.3,NA,1,-19.3,-19.3,NA,NA,Halimeda,Chlorophyta
Microdictyon umbilicatum,-19.0516666667,0.1112180041,6,-19.44,-18.73,0.2724273603,0.0742166667,Microdictyon,Chlorophyta
Monostroma hariotii,-18.8366666667,2.329165325,3,-23.3,-15.45,4.0342326821,16.2750333333,Monostroma,Chlorophyta
Monostroma latissimum,-16.9,NA,1,-16.9,-16.9,NA,NA,Monostroma,Chlorophyta
Monostroma sp. 1,-24.465,5.665,2,-30.13,-18.8,8.0115198308,64.18445,Monostroma,Chlorophyta
Monostroma sp. 2,-13.39,NA,1,-13.39,-13.39,NA,NA,Monostroma,Chlorophyta
Neomeris annulata,-13.44,NA,1,-13.44,-13.44,NA,NA,Neomeris,Chlorophyta
Neomeris vanbosseae,-10.9,NA,1,-10.9,-10.9,NA,NA,Neomeris,Chlorophyta
Pedobesia simplex,-28.23,NA,1,-28.23,-28.23,NA,NA,Pedobesia,Chlorophyta
Prasiola crispa antarctica,-16.4,NA,1,-16.4,-16.4,NA,NA,Prasiola,Chlorophyta
Prasiola stipitata,-19.53,0.8250050505,3,-21.18,-18.7,1.4289506639,2.0419,Prasiola,Chlorophyta
Rhipiliopsis peltata,-14.01,NA,1,-14.01,-14.01,NA,NA,Rhipiliopsis,Chlorophyta
Spongomorpha aeruginosa,-16.98,NA,1,-16.98,-16.98,NA,NA,Spongomorpha,Chlorophyta
Tydemania expeditionis,-9.17,NA,1,-9.17,-9.17,NA,NA,Tydemania,Chlorophyta
Ulothrix sp. 1,-11.5,NA,1,-11.5,-11.5,NA,NA,Ulothrix,Chlorophyta
Ulva australis,-13.5333333333,2.4126978906,3,-18.3,-10.5,4.1789153298,17.4633333333,Ulva,Chlorophyta
Ulva bulbosa,-17.33,NA,1,-17.33,-17.33,NA,NA,Ulva,Chlorophyta
Ulva clathrata,-14.39,0.01,2,-14.4,-14.38,0.0141421356,0.0002,Ulva,Chlorophyta
Ulva conglobata,-16.5,0.2,2,-16.7,-16.3,0.2828427125,0.08,Ulva,Chlorophyta
Ulva expansa,-19.0766666667,0.3961873855,6,-19.88,-17.42,0.970456937,0.9417866667,Ulva,Chlorophyta
Ulva flexuosa,-21.2,NA,1,-21.2,-21.2,NA,NA,Ulva,Chlorophyta
Ulva intestinalis,-15.19875,1.0591327947,8,-18.6,-8.81,2.9956799252,8.9740982143,Ulva,Chlorophyta
Ulva lactuca,-12.4941123737,2.1552763532,12,-19.57,9,7.4660962962,55.7425939036,Ulva,Chlorophyta
Ulva linza,-14.9366666667,1.5513685714,3,-17.8,-12.47,2.687049187,7.2202333333,Ulva,Chlorophyta
Ulva prolifera,-15.7,1.960442127,3,-18,-11.8,3.3955853693,11.53,Ulva,Chlorophyta
Ulva rigida,-16.6566666667,0.7822261679,3,-17.57,-15.1,1.3548554658,1.8356333333,Ulva,Chlorophyta
Ulva sp. 1,-14.9875,0.8829908927,4,-16.75,-12.66,1.7659817855,3.1186916667,Ulva,Chlorophyta
Ulva sp. 10,-17.18,0.39,2,-17.57,-16.79,0.5515432893,0.3042,Ulva,Chlorophyta
Ulva sp. 11,-9.69,NA,1,-9.69,-9.69,NA,NA,Ulva,Chlorophyta
Ulva sp. 12,-18.7,NA,1,-18.7,-18.7,NA,NA,Ulva,Chlorophyta
Ulva sp. 13,-14.5266666667,1.0005387438,3,-15.64,-12.53,1.7329839391,3.0032333333,Ulva,Chlorophyta
Ulva sp. 14,-12.2333333333,0.1855921454,3,-12.6,-12,0.3214550254,0.1033333333,Ulva,Chlorophyta
Ulva sp. 15,-15.405,3.625,2,-19.03,-11.78,5.1265241636,26.28125,Ulva,Chlorophyta
Ulva sp. 16,-20.01,NA,1,-20.01,-20.01,NA,NA,Ulva,Chlorophyta
Ulva sp. 2,-17.2,NA,1,-17.2,-17.2,NA,NA,Ulva,Chlorophyta
Ulva sp. 3,-18.2,NA,1,-18.2,-18.2,NA,NA,Ulva,Chlorophyta
Ulva sp. 4,-14.3258823529,0.6368385027,17,-18.21,-9.36,2.6257524132,6.8945757353,Ulva,Chlorophyta
Ulva sp. 5,-14.1522222222,0.7492687309,18,-18.81,-9.4,3.1788780032,10.1052653595,Ulva,Chlorophyta
Ulva sp. 6,-13.2,NA,1,-13.2,-13.2,NA,NA,Ulva,Chlorophyta
Ulva sp. 7,-18.26,0.7930181447,9,-21.6,-13.74,2.379054434,5.6599,Ulva,Chlorophyta
Ulva sp. 8,-16.2,NA,1,-16.2,-16.2,NA,NA,Ulva,Chlorophyta
Ulva sp. 9,-18.75,1.03,2,-19.78,-17.72,1.4566399692,2.1218,Ulva,Chlorophyta
Ulva taeniata,-17.82,NA,1,-17.82,-17.82,NA,NA,Ulva,Chlorophyta
Urospora sp. 1,-16.5135,NA,1,-16.51,-16.51,NA,NA,Urospora,Chlorophyta
Valonia aegagropila,-8.6,NA,1,-8.6,-8.6,NA,NA,Valonia,Chlorophyta
Valonia clavata,-14.83,NA,1,-14.83,-14.83,NA,NA,Valonia,Chlorophyta
Valonia utricularis,-16.35,NA,1,-16.35,-16.35,NA,NA,Valonia,Chlorophyta
Valonia ventricosa,-5.61,NA,1,-5.61,-5.61,NA,NA,Valonia,Chlorophyta
Acrocarpia paniculata,-21.13,NA,1,-21.13,-21.13,NA,NA,Acrocarpia,Ochrophyta
Adenocystis utricularis,-10.9116666667,1.5322715527,6,-14.56,-5.35,3.7532834514,14.0871366667,Adenocystis,Ochrophyta
Agarum fimbriatum,-19.06,1.289507658,5,-23.58,-15.82,2.8834267808,8.31415,Agarum,Ochrophyta
Alaria esculenta,-18.16,1.6117071694,4,-22.8,-15.6,3.2234143389,10.3904,Alaria,Ochrophyta
Alaria marginata,-13.006,0.4584168409,5,-14.63,-12.06,1.0250512182,1.05073,Alaria,Ochrophyta
Analipus japonicus,-16.37,NA,1,-16.37,-16.37,NA,NA,Analipus,Ochrophyta
Ascophyllum nodosum,-17.5060714286,0.3850332698,28,-23.3,-13.37,2.0374045568,4.151017328,Ascophyllum,Ochrophyta
Ascoseira mirabilis,-18.7,NA,1,-18.7,-18.7,NA,NA,Ascoseira,Ochrophyta
Asperococcus fistulosus,-11.87,NA,1,-11.87,-11.87,NA,NA,Asperococcus,Ochrophyta
Bifurcaria bifurcata,-16.3,NA,1,-16.3,-16.3,NA,NA,Bifurcaria,Ochrophyta
Carpoglossum confluens,-15.4666666667,0.8076577933,3,-17.06,-14.44,1.3989043332,1.9569333333,Carpoglossum,Ochrophyta
Carpomitra costata,-22.535,1.5200904578,4,-26.12,-19.47,3.0401809157,9.2427,Carpomitra,Ochrophyta
Carpophyllum flexuosum,-15.9,0.9984988733,5,-18.8,-12.7,2.2327113562,4.985,Carpophyllum,Ochrophyta
Caulocystis cephalornithos,-13.81,0.01,2,-13.82,-13.8,0.0141421356,0.0002,Caulocystis,Ochrophyta
Chorda filum,-16.2166666667,0.9478912268,6,-19.89,-13.88,2.3218498372,5.3909866667,Chorda,Ochrophyta
Cladostephus spongiosus,-18.7,0.9662384109,4,-21.44,-16.96,1.9324768218,3.7344666667,Cladostephus,Ochrophyta
Colpomenia peregrina,-9.434,1.3932573345,5,-12.91,-6.14,3.11541811,9.70583,Colpomenia,Ochrophyta
Colpomenia sinuosa,-13.2566666667,0.847473369,3,-14.87,-12,1.4678669331,2.1546333333,Colpomenia,Ochrophyta
Colpomenia sp. 1,-12.2333333333,2.2183577509,3,-15.5,-8,3.842308334,14.7633333333,Colpomenia,Ochrophyta
Colpomenia sp. 2,-11.445,0.235,2,-11.68,-11.21,0.3323401872,0.11045,Colpomenia,Ochrophyta
Colpomenia sp. 3,-10.91,NA,1,-10.91,-10.91,NA,NA,Colpomenia,Ochrophyta
Cystophora grevillei,-16.99,NA,1,-16.99,-16.99,NA,NA,Cystophora,Ochrophyta
Cystophora moniliformis,-14.58,NA,1,-14.58,-14.58,NA,NA,Cystophora,Ochrophyta
Cystophora platylobium,-14.43,NA,1,-14.43,-14.43,NA,NA,Cystophora,Ochrophyta
Cystophora retroflexa,-19.2366666667,1.5407285434,6,-25.05,-15.6,3.7739987635,14.2430666667,Cystophora,Ochrophyta
Cystophora scalaris,-13.4,NA,1,-13.4,-13.4,NA,NA,Cystophora,Ochrophyta
Cystophora siliquosa,-14.135,0.015,2,-14.15,-14.12,0.0212132034,0.00045,Cystophora,Ochrophyta
Cystophora subfarcinata,-14.69,NA,1,-14.69,-14.69,NA,NA,Cystophora,Ochrophyta
Cystophora torulosa,-15.79,NA,1,-15.79,-15.79,NA,NA,Cystophora,Ochrophyta
Cystoseira baccata,-16.6,NA,1,-16.6,-16.6,NA,NA,Cystoseira,Ochrophyta
Cystoseira balearica,-20.35,NA,1,-20.35,-20.35,NA,NA,Cystoseira,Ochrophyta
Cystoseira ericoides,-18.4,NA,1,-18.4,-18.4,NA,NA,Cystoseira,Ochrophyta
Cystoseira nodicaulis,-19.88,NA,1,-19.88,-19.88,NA,NA,Cystoseira,Ochrophyta
Cystoseira osmundacea,-16.76,NA,1,-16.76,-16.76,NA,NA,Cystoseira,Ochrophyta
Cystoseira sp. 1,-19.7,NA,1,-19.7,-19.7,NA,NA,Cystoseira,Ochrophyta
Cystoseira sp. 2,-16.8866666667,0.4949298491,9,-18.6,-13.2,1.4847895474,2.2046,Cystoseira,Ochrophyta
Cystoseira sp. 3,-18.77,NA,1,-18.77,-18.77,NA,NA,Cystoseira,Ochrophyta
Cystoseira tamariscifolia,-15.76,0.42,2,-16.18,-15.34,0.5939696962,0.3528,Cystoseira,Ochrophyta
Cystosphaera jacquinotii,-27.9971428571,0.1976133103,7,-28.86,-27.17,0.5228356748,0.2733571429,Cystosphaera,Ochrophyta
Desmarestia aculeata,-22.5808333333,0.7791413867,12,-26.93,-17.94,2.6990249362,7.2847356061,Desmarestia,Ochrophyta
Desmarestia anceps,-28.65,0.9070170891,5,-30.68,-25.3,2.0281518681,4.1134,Desmarestia,Ochrophyta
Desmarestia antarctica,-16.285,2.285,2,-18.57,-14,3.23147799,10.44245,Desmarestia,Ochrophyta
Desmarestia ligulata,-21.1333333333,0.8412952976,3,-22.8,-20.1,1.4571661996,2.1233333333,Desmarestia,Ochrophyta
Desmarestia menziesii,-21.65125,0.7071230381,8,-25,-19.32,2.0000459816,4.0001839286,Desmarestia,Ochrophyta
Desmarestia munda,-20.2175,2.1682149916,4,-25.59,-15.15,4.3364299833,18.804625,Desmarestia,Ochrophyta
Desmarestia sp. 1,-23.6,NA,1,-23.6,-23.6,NA,NA,Desmarestia,Ochrophyta
Desmarestia viridis,-28.7,NA,1,-28.7,-28.7,NA,NA,Desmarestia,Ochrophyta
Dictyopteris muelleri,-19.08,0.8074342078,4,-21.05,-17.1,1.6148684157,2.6078,Dictyopteris,Ochrophyta
Dictyopteris polypodioides,-16.18,0.06,2,-16.24,-16.12,0.0848528137,0.0072,Dictyopteris,Ochrophyta
Dictyosiphon hippuroides,-13.24,NA,1,-13.24,-13.24,NA,NA,Dictyosiphon,Ochrophyta
Dictyota cervicornis,-15.06,NA,1,-15.06,-15.06,NA,NA,Dictyota,Ochrophyta
Dictyota dichotoma,-17.9855555556,0.5369722502,9,-21.13,-15.89,1.6109167507,2.5950527778,Dictyota,Ochrophyta
Dictyota dichotoma implexa,-18.58,NA,1,-18.58,-18.58,NA,NA,Dictyota,Ochrophyta
Dictyota friabilis,-17.49,2.11,2,-19.6,-15.38,2.9839906166,8.9042,Dictyota,Ochrophyta
Dictyota kunthii,-19.05,2.05,2,-21.1,-17,2.8991378029,8.405,Dictyota,Ochrophyta
Dictyota menstrualis,-18.402,0.5247418413,5,-19.45,-17,1.1733584278,1.37677,Dictyota,Ochrophyta
Dictyota pulchella,-17.72,NA,1,-17.72,-17.72,NA,NA,Dictyota,Ochrophyta
Dictyota sp. 1,-19.315,1.915,2,-21.23,-17.4,2.7082189719,7.33445,Dictyota,Ochrophyta
Dilophus sp. 1,-16.75,NA,1,-16.75,-16.75,NA,NA,Dilophus,Ochrophyta
Distromium flabellatrum,-20.88,NA,1,-20.88,-20.88,NA,NA,Distromium,Ochrophyta
Durvillaea antarctica,-13.205,0.885,2,-14.09,-12.32,1.2515790027,1.56645,Durvillaea,Ochrophyta
Durvillaea potatorum,-17.625,1.045,2,-18.67,-16.58,1.4778531727,2.18405,Durvillaea,Ochrophyta
Durvillaea willana,-14.1,1.51,2,-15.61,-12.59,2.1354624792,4.5602,Durvillaea,Ochrophyta
Ecklonia radiata,-18.8355980861,0.5583892818,19,-23.29,-15.64,2.4339624505,5.9241732106,Ecklonia,Ochrophyta
Ectocarpus siliquosa,-15.26,NA,1,-15.26,-15.26,NA,NA,Ectocarpus,Ochrophyta
Ectocarpus sp. 1,-13.75,0.05,2,-13.8,-13.7,0.0707106781,0.005,Ectocarpus,Ochrophyta
Egregia menziesii,-17.032,0.8236892618,5,-19.35,-14.27,1.8418251817,3.39232,Egregia,Ochrophyta
Elachista fucicola,-15.38,NA,1,-15.38,-15.38,NA,NA,Elachista,Ochrophyta
Endarachne bighameiae,-15.95,NA,1,-15.95,-15.95,NA,NA,Endarachne,Ochrophyta
Fucus ceranoides,-17.145,1.845,2,-18.99,-15.3,2.6092240226,6.80805,Fucus,Ochrophyta
Fucus distichus,-14.77,0.9051335076,6,-18.16,-11.5,2.2171152428,4.9156,Fucus,Ochrophyta
Fucus evanescens,-13.9,NA,1,-13.9,-13.9,NA,NA,Fucus,Ochrophyta
Fucus gardneri,-14.37025,NA,1,-14.37,-14.37,NA,NA,Fucus,Ochrophyta
Fucus serratus,-17.1895652174,0.4091891521,23,-21,-13.1,1.9624022344,3.8510225296,Fucus,Ochrophyta
Fucus sp. 1,-16.35,0.05,2,-16.4,-16.3,0.0707106781,0.005,Fucus,Ochrophyta
Fucus spiralis,-17.0783333333,0.7247233885,12,-19.9,-10.67,2.5105154608,6.3026878788,Fucus,Ochrophyta
Fucus vesiculosus,-16.7659259259,0.407603747,27,-22.6,-13.5,2.1179711977,4.4858019943,Fucus,Ochrophyta
Giffordia granulosa,-16.81,NA,1,-16.81,-16.81,NA,NA,Giffordia,Ochrophyta
Halidrys dioica,-13.045,0.865,2,-13.91,-12.18,1.2232947315,1.49645,Halidrys,Ochrophyta
Halidrys siliquosa,-21.05,1.9972564516,3,-23.54,-17.1,3.4593496499,11.9671,Halidrys,Ochrophyta
Halopteris Novae-zelandiae,-21.35,1.25,2,-22.6,-20.1,1.767766953,3.125,Halopteris,Ochrophyta
Halopteris paniculata,-22.815,0.395,2,-23.21,-22.42,0.5586143571,0.31205,Halopteris,Ochrophyta
Halopteris scoparia,-18.99,1.5527502482,3,-20.7,-15.89,2.6894423214,7.2331,Halopteris,Ochrophyta
Halopteris virgata,-19.2,1.2,2,-20.4,-18,1.6970562748,2.88,Halopteris,Ochrophyta
Hesperophycus californicus,-13.695,1.525,2,-15.22,-12.17,2.1566756826,4.65125,Hesperophycus,Ochrophyta
Himanthalia elongata,-14.5817647059,0.4762925412,17,-17.76,-10.44,1.9638044559,3.8565279412,Himanthalia,Ochrophyta
Himantothallus grandifolius,-20.08375,0.5787546282,8,-23.3,-17.47,1.6369652889,2.6796553571,Himantothallus,Ochrophyta
Hormosira banksii,-11.6766233766,0.5911366766,7,-14.89,-10.19,1.5640006371,2.446097993,Hormosira,Ochrophyta
Laminaria digitata,-16.2346666667,0.5586649619,15,-20.9,-12.3,2.1637000936,4.6815980952,Laminaria,Ochrophyta
Laminaria hyperborea,-18.2061111111,0.7558647123,18,-27.3,-14.06,3.2068623824,10.2839663399,Laminaria,Ochrophyta
Laminaria japonica,-19.4,NA,1,-19.4,-19.4,NA,NA,Laminaria,Ochrophyta
Laminaria sp. 1,-18.77,NA,1,-18.77,-18.77,NA,NA,Laminaria,Ochrophyta
Landsburgia quercifolia,-18.7833333333,1.1350232499,6,-23.4,-15.9,2.7802278084,7.7296666667,Landsburgia,Ochrophyta
Leathesia difformis,-14.16,NA,1,-14.16,-14.16,NA,NA,Leathesia,Ochrophyta
Leathesia intermedia,-11.4,NA,1,-11.4,-11.4,NA,NA,Leathesia,Ochrophyta
Leathesia marina,-14.2125,NA,1,-14.21,-14.21,NA,NA,Leathesia,Ochrophyta
Lessonia corrugata,-16.9,NA,1,-16.9,-16.9,NA,NA,Lessonia,Ochrophyta
Lobophora sp. 1,-13.01,NA,1,-13.01,-13.01,NA,NA,Lobophora,Ochrophyta
Lobophora variegata,-15.8308333333,0.414694956,12,-17.55,-11.96,1.436545467,2.0636628788,Lobophora,Ochrophyta
Macrocystis angustifolia,-19.5471428571,0.6638155018,7,-22.21,-18.06,1.7562907341,3.0845571429,Macrocystis,Ochrophyta
Macrocystis pyrifera,-17.4085,0.7001722626,20,-20.73,-11.12,3.1312655504,9.8048239474,Macrocystis,Ochrophyta
Marginariella boryana,-18.0666666667,1.193780177,6,-21.6,-13.7,2.9241522988,8.5506666667,Marginariella,Ochrophyta
Melanosiphon sp. 1,-17.55,NA,1,-17.55,-17.55,NA,NA,Melanosiphon,Ochrophyta
Microzonia velutina,-18.92,NA,1,-18.92,-18.92,NA,NA,Microzonia,Ochrophyta
Myagropsis myagroides,-16.3,NA,1,-16.3,-16.3,NA,NA,Myagropsis,Ochrophyta
Navicula schefterae,-17.6,NA,1,-17.6,-17.6,NA,NA,Navicula,Ochrophyta
Nereocystis luetkeana,-14.3066666667,0.4112150019,6,-15.23,-12.81,1.0072669292,1.0145866667,Nereocystis,Ochrophyta
Notheia anomala,-13.88,NA,1,-13.88,-13.88,NA,NA,Notheia,Ochrophyta
Padina arborescens,-11.7,NA,1,-11.7,-11.7,NA,NA,Padina,Ochrophyta
Padina gymnospora,-19.68,NA,1,-19.68,-19.68,NA,NA,Padina,Ochrophyta
Padina pavonica,-8.7581818182,0.4871733277,11,-11.9,-6.46,1.6157711359,2.6107163636,Padina,Ochrophyta
Padina sanctae-crucis,-13.21,NA,1,-13.21,-13.21,NA,NA,Padina,Ochrophyta
Padina sp. 1,-10.19,0.42,2,-10.61,-9.77,0.5939696962,0.3528,Padina,Ochrophyta
Padina tenuis,-11.4,NA,1,-11.4,-11.4,NA,NA,Padina,Ochrophyta
Pelagophycus porra,-25.86,1.127763273,4,-28.91,-23.67,2.2555265461,5.0874,Pelagophycus,Ochrophyta
Pelvetia canaliculata,-19.139,0.3404978381,10,-21.05,-17.63,1.0767487069,1.1593877778,Pelvetia,Ochrophyta
Pelvetia fastigiata,-11.82,NA,1,-11.82,-11.82,NA,NA,Pelvetia,Ochrophyta
Pelvetiopsis limitata,-17.1775,NA,1,-17.18,-17.18,NA,NA,Pelvetiopsis,Ochrophyta
Perithalia caudata,-31.19,0.21,2,-31.4,-30.98,0.2969848481,0.0882,Perithalia,Ochrophyta
Petalonia sp. 1,-14.05,NA,1,-14.05,-14.05,NA,NA,Petalonia,Ochrophyta
Phyllospora comosa,-18.69,0.5007013263,11,-20.95,-15.76,1.6606384314,2.75772,Phyllospora,Ochrophyta
Pylaiella sp. 1,-15.57,NA,1,-15.57,-15.57,NA,NA,Pylaiella,Ochrophyta
Pylaiella sp. 2,-16.18,NA,1,-16.18,-16.18,NA,NA,Pylaiella,Ochrophyta
Rosenvingea intricata,-15.92,NA,1,-15.92,-15.92,NA,NA,Rosenvingea,Ochrophyta
Saccharina groendlandica,-23.105,NA,1,-23.11,-23.11,NA,NA,Saccharina,Ochrophyta
Saccharina latissima,-17.2755833333,1.0295155043,6,-20.7,-14.72,2.5217876678,6.3594130417,Saccharina,Ochrophyta
Saccharina sessilis,-16.6675,NA,1,-16.67,-16.67,NA,NA,Saccharina,Ochrophyta
Saccharina subsimplex,-13.762,1.1166575124,5,-16.54,-11.32,2.4969221053,6.23462,Saccharina,Ochrophyta
Saccorhiza polyschides,-17.682,0.8844041309,10,-22.8,-13.3,2.7967314256,7.8217066667,Saccorhiza,Ochrophyta
Sargassopsis heteromorphum,-18.77,NA,1,-18.77,-18.77,NA,NA,Sargassopsis,Ochrophyta
Sargassum aghardhianum,-19.97,NA,1,-19.97,-19.97,NA,NA,Sargassum,Ochrophyta
Sargassum confusum,-14.3,NA,1,-14.3,-14.3,NA,NA,Sargassum,Ochrophyta
Sargassum distichum,-21.76,NA,1,-21.76,-21.76,NA,NA,Sargassum,Ochrophyta
Sargassum fallax,-18.17,NA,1,-18.17,-18.17,NA,NA,Sargassum,Ochrophyta
Sargassum fluitans,-16.6,NA,1,-16.6,-16.6,NA,NA,Sargassum,Ochrophyta
Sargassum fusiforme,-14.5,NA,1,-14.5,-14.5,NA,NA,Sargassum,Ochrophyta
Sargassum hemiphyllum,-19.8,NA,1,-19.8,-19.8,NA,NA,Sargassum,Ochrophyta
Sargassum horneri,-18.9,NA,1,-18.9,-18.9,NA,NA,Sargassum,Ochrophyta
Sargassum ilicifolium,-15.25,0.55,2,-15.8,-14.7,0.7778174593,0.605,Sargassum,Ochrophyta
Sargassum lacerifolium,-18.7166666667,0.8148687693,3,-20.34,-17.78,1.4113941099,1.9920333333,Sargassum,Ochrophyta
Sargassum muticum,-19.67,NA,1,-19.67,-19.67,NA,NA,Sargassum,Ochrophyta
Sargassum natans,-16.8,NA,1,-16.8,-16.8,NA,NA,Sargassum,Ochrophyta
Sargassum palmeri,-13.25,NA,1,-13.25,-13.25,NA,NA,Sargassum,Ochrophyta
Sargassum sinclairii,-17.6,NA,1,-17.6,-17.6,NA,NA,Sargassum,Ochrophyta
Sargassum sp. 1,-16.675,1.265,2,-17.94,-15.41,1.7889801564,3.20045,Sargassum,Ochrophyta
Sargassum sp. 2,-12.8,0.4041451884,3,-13.5,-12.1,0.7,0.49,Sargassum,Ochrophyta
Sargassum sp. 3,-12.25,NA,1,-12.25,-12.25,NA,NA,Sargassum,Ochrophyta
Sargassum sp. 4,-17.36,NA,1,-17.36,-17.36,NA,NA,Sargassum,Ochrophyta
Sargassum sp. 5,-17.105,0.175,2,-17.28,-16.93,0.2474873734,0.06125,Sargassum,Ochrophyta
Sargassum sp. 6,-16.3,NA,1,-16.3,-16.3,NA,NA,Sargassum,Ochrophyta
Sargassum sp. 7,-14.1,NA,1,-14.1,-14.1,NA,NA,Sargassum,Ochrophyta
Sargassum vulgare,-15.61,0.21,2,-15.82,-15.4,0.2969848481,0.0882,Sargassum,Ochrophyta
Scytosiphon sp. 1,-25.62,NA,1,-25.62,-25.62,NA,NA,Scytosiphon,Ochrophyta
Scytosiphon sp. 2,-14.07,NA,1,-14.07,-14.07,NA,NA,Scytosiphon,Ochrophyta
Scytothamnus australis,-18.36,NA,1,-18.36,-18.36,NA,NA,Scytothamnus,Ochrophyta
Seirococcus axillaris,-17.57,NA,1,-17.57,-17.57,NA,NA,Seirococcus,Ochrophyta
Silvetia compressa,-23.33,NA,1,-23.33,-23.33,NA,NA,Silvetia,Ochrophyta
Spatoglossum macrodontum,-24.4133333333,2.1065796396,3,-28.45,-21.35,3.6487029659,13.3130333333,Spatoglossum,Ochrophyta
Spatoglossum pacificum,-18.5,NA,1,-18.5,-18.5,NA,NA,Spatoglossum,Ochrophyta
Sphacelaria sp. 1,-17.85,NA,1,-17.85,-17.85,NA,NA,Sphacelaria,Ochrophyta
Splachnidium rugosum,-12.1825,0.7055892927,4,-13.49,-10.69,1.4111785854,1.991425,Splachnidium,Ochrophyta
Sporochnus comosus,-32.84,NA,1,-32.84,-32.84,NA,NA,Sporochnus,Ochrophyta
Turbinaria ornata,-9.2,NA,1,-9.2,-9.2,NA,NA,Turbinaria,Ochrophyta
Undaria pinnatifida,-16.2707692308,0.5219618582,13,-19.6,-13.5,1.8819602437,3.541774359,Undaria,Ochrophyta
Xiphophora chondrophylla,-14.79,0.26,2,-15.05,-14.53,0.3676955262,0.1352,Xiphophora,Ochrophyta
Xiphophora gladiata,-18.9483333333,0.5742845791,6,-20.9,-17.1,1.4067041859,1.9788166667,Xiphophora,Ochrophyta
Zonaria angustata,-21.805,0.995,2,-22.8,-20.81,1.4071424946,1.98005,Zonaria,Ochrophyta
Zonaria farlowii,-13.66,NA,1,-13.66,-13.66,NA,NA,Zonaria,Ochrophyta
Zonaria turneriana,-19.73375,0.8907519646,8,-25.36,-17.2,2.5194270182,6.3475125,Zonaria,Ochrophyta
Acanthophora spicifera,-12,1.9,2,-13.9,-10.1,2.6870057685,7.22,Acanthophora,Rhodophyta
Acrosorium yendoi,-31.5,NA,1,-31.5,-31.5,NA,NA,Acrosorium,Rhodophyta
Acrotylus australis,-30.45,NA,1,-30.45,-30.45,NA,NA,Acrotylus,Rhodophyta
Actinotrichia fragilis,-13.64,NA,1,-13.64,-13.64,NA,NA,Actinotrichia,Rhodophyta
Actinotrichia sp. 1,-9.15,NA,1,-9.15,-9.15,NA,NA,Actinotrichia,Rhodophyta
Aglaothamnion sepositum,-28.96,NA,1,-28.96,-28.96,NA,NA,Aglaothamnion,Rhodophyta
Ahnfeltia plicata,-18.4266666667,1.2145826901,3,-20.82,-16.87,2.1037189293,4.4256333333,Ahnfeltia,Rhodophyta
Amphiroa foliacea,-13.7,NA,1,-13.7,-13.7,NA,NA,Amphiroa,Rhodophyta
Anotrichium crinitum,-30.9925,0.3890881434,4,-31.8,-30,0.7781762868,0.6055583333,Anotrichium,Rhodophyta
Apophlaea lyallii,-11.32,NA,1,-11.32,-11.32,NA,NA,Apophlaea,Rhodophyta
Asparagopsis armata,-29.485,0.1863911657,4,-29.74,-28.94,0.3727823315,0.1389666667,Asparagopsis,Rhodophyta
Asparagopsis taxiformis,-28,NA,1,-28,-28,NA,NA,Asparagopsis,Rhodophyta
Audouinella floridula,-17.13,NA,1,-17.13,-17.13,NA,NA,Audouinella,Rhodophyta
Ballia callitricha,-32.86,0.5435377938,3,-33.83,-31.95,0.9414350748,0.8863,Ballia,Rhodophyta
Bellotia eriophorum,-32.09,NA,1,-32.09,-32.09,NA,NA,Bellotia,Rhodophyta
Bonnemaisonia hamifera,-28.8533333333,0.7877464341,3,-30.15,-27.43,1.3644168474,1.8616333333,Bonnemaisonia,Rhodophyta
Bornetia secundiflora,-28.87,NA,1,-28.87,-28.87,NA,NA,Bornetia,Rhodophyta
Bossiella sp. 1,-15.3265,NA,1,-15.33,-15.33,NA,NA,Bossiella,Rhodophyta
Bostrychia arbuscula,-30.0933333333,0.3096413696,3,-30.65,-29.58,0.5363145843,0.2876333333,Bostrychia,Rhodophyta
Bostrychia scorpioides,-30.87,NA,1,-30.87,-30.87,NA,NA,Bostrychia,Rhodophyta
Bostrychia sp. 1,-28.61,NA,1,-28.61,-28.61,NA,NA,Bostrychia,Rhodophyta
Bostrychia sp. 2,-21.03,NA,1,-21.03,-21.03,NA,NA,Bostrychia,Rhodophyta
Botryocladia botryoides,-27.59,NA,1,-27.59,-27.59,NA,NA,Botryocladia,Rhodophyta
Brongniartella australis,-19.35,1.15,2,-20.5,-18.2,1.6263455967,2.645,Brongniartella,Rhodophyta
Brongniartella byssoides,-26.48,NA,1,-26.48,-26.48,NA,NA,Brongniartella,Rhodophyta
Callithamnion corymbosum,-30.42,NA,1,-30.42,-30.42,NA,NA,Callithamnion,Rhodophyta
Callithamnion pikeanum,-31.1075,NA,1,-31.11,-31.11,NA,NA,Callithamnion,Rhodophyta
Callithamnion tetragonum,-27.645,2.825,2,-30.47,-24.82,3.9951533137,15.96125,Callithamnion,Rhodophyta
Callophycus harveyanus,-17.36,NA,1,-17.36,-17.36,NA,NA,Callophycus,Rhodophyta
Callophycus oppositifolius,-34.23,NA,1,-34.23,-34.23,NA,NA,Callophycus,Rhodophyta
Callophyllis calliblephrioides,-16.71,NA,1,-16.71,-16.71,NA,NA,Callophyllis,Rhodophyta
Callophyllis cervicornis,-33.13,NA,1,-33.13,-33.13,NA,NA,Callophyllis,Rhodophyta
Callophyllis cristata,-33.61,NA,1,-33.61,-33.61,NA,NA,Callophyllis,Rhodophyta
Callophyllis depressa,-31.7666666667,0.4096068576,3,-32.4,-31,0.7094598885,0.5033333333,Callophyllis,Rhodophyta
Callophyllis laciniata,-34.514,0.5369878956,5,-36,-32.86,1.2007414376,1.44178,Callophyllis,Rhodophyta
Callophyllis lambertii,-33.64,0.39,2,-34.03,-33.25,0.5515432893,0.3042,Callophyllis,Rhodophyta
Callophyllis rangiferina,-33.795,0.175,2,-33.97,-33.62,0.2474873734,0.06125,Callophyllis,Rhodophyta
Callophyllis sp. 1,-34.7,NA,1,-34.7,-34.7,NA,NA,Callophyllis,Rhodophyta
Carpopeltis sp. 1,-32.03,NA,1,-32.03,-32.03,NA,NA,Carpopeltis,Rhodophyta
Catenella caespitosa,-29.51,NA,1,-29.51,-29.51,NA,NA,Catenella,Rhodophyta
Ceramium rubrum,-18.0566666667,1.1627257248,6,-21.68,-13.09,2.8480847366,8.1115866667,Ceramium,Rhodophyta
Ceramium shuttleworthianum,-19.195,0.065,2,-19.26,-19.13,0.0919238816,0.00845,Ceramium,Rhodophyta
Ceramium sp. 1,-12.39,NA,1,-12.39,-12.39,NA,NA,Ceramium,Rhodophyta
Chondracanthus acicularis,-19.89,NA,1,-19.89,-19.89,NA,NA,Chondracanthus,Rhodophyta
Chondracanthus tenellus,-18.8,NA,1,-18.8,-18.8,NA,NA,Chondracanthus,Rhodophyta
Chondria dasyphylla,-16.11,NA,1,-16.11,-16.11,NA,NA,Chondria,Rhodophyta
Chondria incrassata,-20.74,NA,1,-20.74,-20.74,NA,NA,Chondria,Rhodophyta
Chondria sp. 1,-15.12,NA,1,-15.12,-15.12,NA,NA,Chondria,Rhodophyta
Chondria sp. 2,-17.85,0.455521679,8,-19.2,-15.7,1.2884098727,1.66,Chondria,Rhodophyta
Chondrus crispus,-19.8345454545,0.9140622255,11,-24.11,-14.2,3.031601437,9.1906072727,Chondrus,Rhodophyta
Chondrus ocellatus,-18.6,NA,1,-18.6,-18.6,NA,NA,Chondrus,Rhodophyta
Chondrus sp. 1,-19.95,NA,1,-19.95,-19.95,NA,NA,Chondrus,Rhodophyta
Chylocladia sp. 1,-13.81,NA,1,-13.81,-13.81,NA,NA,Chylocladia,Rhodophyta
Chylocladia verticillata,-10.22,NA,1,-10.22,-10.22,NA,NA,Chylocladia,Rhodophyta
Corallina elongata,-22.04,0.8405950273,5,-23.6,-19.7,1.8796276227,3.533,Corallina,Rhodophyta
Corallina frondescens,-20.46275,NA,1,-20.46,-20.46,NA,NA,Corallina,Rhodophyta
Corallina officinalis,-13.847,1.3693372687,10,-23.03,-9.61,4.3302246542,18.7508455556,Corallina,Rhodophyta
Corallina pinatifolia,-7.45,NA,1,-7.45,-7.45,NA,NA,Corallina,Rhodophyta
Corallina sp. 1,-18.1,NA,1,-18.1,-18.1,NA,NA,Corallina,Rhodophyta
Corallina vancouveriensis,-5.69,NA,1,-5.69,-5.69,NA,NA,Corallina,Rhodophyta
Craspedocarpus venosus,-35.045,0.375,2,-35.42,-34.67,0.5303300859,0.28125,Craspedocarpus,Rhodophyta
Cryptonemia sp. 1,-35.28,NA,1,-35.28,-35.28,NA,NA,Cryptonemia,Rhodophyta
Cryptopleura ramosa,-32.93,1.29,2,-34.22,-31.64,1.8243354955,3.3282,Cryptopleura,Rhodophyta
Cryptopleura ruprechtiana,-33.4933333333,NA,1,-33.49,-33.49,NA,NA,Cryptopleura,Rhodophyta
Cumagloia andersonii,-16.2325,NA,1,-16.23,-16.23,NA,NA,Cumagloia,Rhodophyta
Curdiea angustata,-32.8775,0.8501311173,4,-34.67,-30.57,1.7002622347,2.8908916667,Curdiea,Rhodophyta
Curdiea racovitzae,-15.99,NA,1,-15.99,-15.99,NA,NA,Curdiea,Rhodophyta
Curdiea sp. 1,-28.9,NA,1,-28.9,-28.9,NA,NA,Curdiea,Rhodophyta
Cystoclonium purpureum,-13.88,NA,1,-13.88,-13.88,NA,NA,Cystoclonium,Rhodophyta
Dasya corymbifera,-34.29,NA,1,-34.29,-34.29,NA,NA,Dasya,Rhodophyta
Dasya sp. 1,-24.55,NA,1,-24.55,-24.55,NA,NA,Dasya,Rhodophyta
Delesseria sanguinea,-33.505,0.320454262,14,-35.4,-31.51,1.1990300567,1.4376730769,Delesseria,Rhodophyta
Delesseria serrulata,-34.8,NA,1,-34.8,-34.8,NA,NA,Delesseria,Rhodophyta
Delisea hypneoides,-32.92,NA,1,-32.92,-32.92,NA,NA,Delisea,Rhodophyta
Delisea plumosa,-33.335,1.165,2,-34.5,-32.17,1.6475588002,2.71445,Delisea,Rhodophyta
Delisea pulchra,-33.325,0.705,2,-34.03,-32.62,0.9970205615,0.99405,Delisea,Rhodophyta
Dichotomaria marginata,-18.2,NA,1,-18.2,-18.2,NA,NA,Dichotomaria,Rhodophyta
Dictyomenia sonderi,-17.255,0.185,2,-17.44,-17.07,0.261629509,0.06845,Dictyomenia,Rhodophyta
Digenea simplex,-18,NA,1,-18,-18,NA,NA,Digenea,Rhodophyta
Dilsea carnosa,-19.6975,2.0242586091,4,-22.9,-14.33,4.0485172183,16.3904916667,Dilsea,Rhodophyta
Dilsea pygmaea,-16.846,NA,1,-16.85,-16.85,NA,NA,Dilsea,Rhodophyta
Dumontia contorta,-14.402,1.3370953594,5,-19.1,-11.03,2.9898361159,8.93912,Dumontia,Rhodophyta
Echinothamnion australis,-21.2,NA,1,-21.2,-21.2,NA,NA,Echinothamnion,Rhodophyta
Echinothamnion lyallii,-22.32,NA,1,-22.32,-22.32,NA,NA,Echinothamnion,Rhodophyta
Endocladia muricata,-18.4306,NA,1,-18.43,-18.43,NA,NA,Endocladia,Rhodophyta
Euptilota articulata,-31.96,0.48,2,-32.44,-31.48,0.6788225099,0.4608,Euptilota,Rhodophyta
Euptilota formosissima,-33.12,NA,1,-33.12,-33.12,NA,NA,Euptilota,Rhodophyta
Furcellaria lumbricalis,-20.985,3.885,2,-24.87,-17.1,5.4942196898,30.18645,Furcellaria,Rhodophyta
Galaxaura marginata,-12.925,3.275,2,-16.2,-9.65,4.6315494168,21.45125,Galaxaura,Rhodophyta
Gelidiopsis sp. 2,-19.68,NA,1,-19.68,-19.68,NA,NA,Gelidiopsis,Rhodophyta
Gelidium amansii,-16.8,NA,1,-16.8,-16.8,NA,NA,Gelidium,Rhodophyta
Gelidium australe,-24.52,NA,1,-24.52,-24.52,NA,NA,Gelidium,Rhodophyta
Gelidium latiflium,-15.86,NA,1,-15.86,-15.86,NA,NA,Gelidium,Rhodophyta
Gelidium pristoides,-12.7532467532,NA,1,-12.75,-12.75,NA,NA,Gelidium,Rhodophyta
Gelidium sp. 1,-34.18,NA,1,-34.18,-34.18,NA,NA,Gelidium,Rhodophyta
Gelidium spinosum,-17.3,NA,1,-17.3,-17.3,NA,NA,Gelidium,Rhodophyta
Georgiella confluens,-32.3766666667,1.4634472241,3,-35.3,-30.79,2.5347649464,6.4250333333,Georgiella,Rhodophyta
Gigartina acicularis,-17.6775,1.2604256887,4,-19.9,-14.51,2.5208513773,6.3546916667,Gigartina,Rhodophyta
Gigartina circumcincta,-21.68,NA,1,-21.68,-21.68,NA,NA,Gigartina,Rhodophyta
Gigartina clavifera,-13.535,0.975,2,-14.51,-12.56,1.3788582233,1.90125,Gigartina,Rhodophyta
Gigartina dilitata,-19.1,NA,1,-19.1,-19.1,NA,NA,Gigartina,Rhodophyta
Gigartina livida,-15.955,0.225,2,-16.18,-15.73,0.3181980515,0.10125,Gigartina,Rhodophyta
Gigartina marginifera,-16.15,NA,1,-16.15,-16.15,NA,NA,Gigartina,Rhodophyta
Gigartina skottsbergii,-16.7,1.1745779384,3,-18.33,-14.42,2.0344286667,4.1389,Gigartina,Rhodophyta
Gigartina sp. 1,-20.62,NA,1,-20.62,-20.62,NA,NA,Gigartina,Rhodophyta
Gigartina sp. 2,-14.26,NA,1,-14.26,-14.26,NA,NA,Gigartina,Rhodophyta
Gloiocladia polycarpa,-33.04,NA,1,-33.04,-33.04,NA,NA,Gloiocladia,Rhodophyta
Gloiopeltis tenax,-20.4,NA,1,-20.4,-20.4,NA,NA,Gloiopeltis,Rhodophyta
Gloiosaccion brownii,-33.99,NA,1,-33.99,-33.99,NA,NA,Gloiosaccion,Rhodophyta
Gloiosiphonia capillaries,-17.4,NA,1,-17.4,-17.4,NA,NA,Gloiosiphonia,Rhodophyta
Gracilaria arcuata,-16.8,NA,1,-16.8,-16.8,NA,NA,Gracilaria,Rhodophyta
Gracilaria bursa-pastoris,-14.82,NA,1,-14.82,-14.82,NA,NA,Gracilaria,Rhodophyta
Gracilaria chilensis,-17,NA,1,-17,-17,NA,NA,Gracilaria,Rhodophyta
Gracilaria coronopifolia,-17.1,NA,1,-17.1,-17.1,NA,NA,Gracilaria,Rhodophyta
Gracilaria gigas,-25.5,NA,1,-25.5,-25.5,NA,NA,Gracilaria,Rhodophyta
Gracilaria gracilis,-19.4566666667,1.195914341,3,-21.8,-17.87,2.0713844002,4.2906333333,Gracilaria,Rhodophyta
Gracilaria salicornia,-27.4,NA,1,-27.4,-27.4,NA,NA,Gracilaria,Rhodophyta
Gracilaria secundata,-26.5033333333,5.9142915421,3,-32.93,-14.69,10.2438534416,104.9365333333,Gracilaria,Rhodophyta
Gracilaria sp. 1,-17.8675,0.5209506535,4,-19.37,-17,1.0419013069,1.0855583333,Gracilaria,Rhodophyta
Gracilaria sp. 2,-21.84,NA,1,-21.84,-21.84,NA,NA,Gracilaria,Rhodophyta
Gracilaria sp. 3,-17.22,NA,1,-17.22,-17.22,NA,NA,Gracilaria,Rhodophyta
Gracilaria tikviahae,-16.9,NA,1,-16.9,-16.9,NA,NA,Gracilaria,Rhodophyta
Gracilaria verrucosa,-17.4,NA,1,-17.4,-17.4,NA,NA,Gracilaria,Rhodophyta
Gracilariopsis longissima,-20.71,NA,1,-20.71,-20.71,NA,NA,Gracilariopsis,Rhodophyta
Grateloupia chiangii,-18.3,NA,1,-18.3,-18.3,NA,NA,Grateloupia,Rhodophyta
Grateloupia cornea,-16,NA,1,-16,-16,NA,NA,Grateloupia,Rhodophyta
Grateloupia elliptica,-14.8,NA,1,-14.8,-14.8,NA,NA,Grateloupia,Rhodophyta
Grateloupia ramosissima,-18.6,NA,1,-18.6,-18.6,NA,NA,Grateloupia,Rhodophyta
Grateloupia setchelli,-22.7,NA,1,-22.7,-22.7,NA,NA,Grateloupia,Rhodophyta
Grateloupia sp. 1,-29.8,NA,1,-29.8,-29.8,NA,NA,Grateloupia,Rhodophyta
Grateloupia sp. 2,-12.54,NA,1,-12.54,-12.54,NA,NA,Grateloupia,Rhodophyta
Gymnogongrus crenulatus,-20.39,1.89,2,-22.28,-18.5,2.6728636329,7.1442,Gymnogongrus,Rhodophyta
Gymnogongrus sp. 1,-30.13,NA,1,-30.13,-30.13,NA,NA,Gymnogongrus,Rhodophyta
Halicnide similans,-33.95,NA,1,-33.95,-33.95,NA,NA,Halicnide,Rhodophyta
Halopeltis australis,-32.2,0.48,2,-32.68,-31.72,0.6788225099,0.4608,Halopeltis,Rhodophyta
Halopithys incurva,-16.64,0.83,2,-17.47,-15.81,1.1737972568,1.3778,Halopithys,Rhodophyta
Halopitys uncunatus,-19.41,NA,1,-19.41,-19.41,NA,NA,Halopitys,Rhodophyta
Halosaccion glandiformis,-14.94575,NA,1,-14.95,-14.95,NA,NA,Halosaccion,Rhodophyta
Halurus equisetifolius,-26.87,1.94,2,-28.81,-24.93,2.743574311,7.5272,Halurus,Rhodophyta
Halymenia durvillaei,-32.2,NA,1,-32.2,-32.2,NA,NA,Halymenia,Rhodophyta
Halymenia microcarpa,-26.65,2.85,2,-29.5,-23.8,4.0305086528,16.245,Halymenia,Rhodophyta
Halymenia sp. 1,-15.47,NA,1,-15.47,-15.47,NA,NA,Halymenia,Rhodophyta
Halymenia sp. 2,-35.155,0.195,2,-35.35,-34.96,0.2757716447,0.07605,Halymenia,Rhodophyta
Hemineura frondosa,-32.535,0.045,2,-32.58,-32.49,0.0636396103,0.00405,Hemineura,Rhodophyta
Heterosiphonia concinna,-28.98,NA,1,-28.98,-28.98,NA,NA,Heterosiphonia,Rhodophyta
Heterosiphonia japonica,-33.1,NA,1,-33.1,-33.1,NA,NA,Heterosiphonia,Rhodophyta
Heterosiphonia plumosa,-34.9,NA,1,-34.9,-34.9,NA,NA,Heterosiphonia,Rhodophyta
Heterosiphonia sp. 1,-14.99,NA,1,-14.99,-14.99,NA,NA,Heterosiphonia,Rhodophyta
Hildenbrandia rivularis,-34.6,NA,1,-34.6,-34.6,NA,NA,Hildenbrandia,Rhodophyta
Hildenbrandia sp. 1,-18.04,NA,1,-18.04,-18.04,NA,NA,Hildenbrandia,Rhodophyta
Hydrolithon onkodes,-12.7,NA,1,-12.7,-12.7,NA,NA,Hydrolithon,Rhodophyta
Hymenena affinis,-33.84,NA,1,-33.84,-33.84,NA,NA,Hymenena,Rhodophyta
Hymenena durvilleai,-30.9333333333,1.1050389636,3,-32.5,-28.8,1.9139836293,3.6633333333,Hymenena,Rhodophyta
Hymenena multiloba,-31.765,NA,1,-31.77,-31.77,NA,NA,Hymenena,Rhodophyta
Hymenena palmata,-29.79,NA,1,-29.79,-29.79,NA,NA,Hymenena,Rhodophyta
Hymenena sp. 1,-32.9,0.3605551275,3,-33.6,-32.4,0.6244997998,0.39,Hymenena,Rhodophyta
Hymenocladia chondricola,-32.57,NA,1,-32.57,-32.57,NA,NA,Hymenocladia,Rhodophyta
Hymenocladia sp. 1,-24.69,1.32,2,-26.01,-23.37,1.8667619023,3.4848,Hymenocladia,Rhodophyta
Hypnea japonica,-21.2,NA,1,-21.2,-21.2,NA,NA,Hypnea,Rhodophyta
Hypnea musciformis,-15.46,NA,1,-15.46,-15.46,NA,NA,Hypnea,Rhodophyta
Hypnea saccharina,-17.14,NA,1,-17.14,-17.14,NA,NA,Hypnea,Rhodophyta
Hypnea sp. 1,-21.75,NA,1,-21.75,-21.75,NA,NA,Hypnea,Rhodophyta
Hypnea spicifera,-12.6233766234,NA,1,-12.62,-12.62,NA,NA,Hypnea,Rhodophyta
Hypnea spinella,-19.8,NA,1,-19.8,-19.8,NA,NA,Hypnea,Rhodophyta
Hypnea volubilis,-19.69,0.7427202255,3,-21.09,-18.56,1.2864291663,1.6549,Hypnea,Rhodophyta
Hypoglossum hypoglossoides,-33.35,NA,1,-33.35,-33.35,NA,NA,Hypoglossum,Rhodophyta
Iridaea cordata,-17.0016666667,0.6490013696,6,-19.6,-14.72,1.589722198,2.5272166667,Iridaea,Rhodophyta
Jania micrarthandia,-22.55,NA,1,-22.55,-22.55,NA,NA,Jania,Rhodophyta
Jania rosea,-20.4333333333,4.2399737945,3,-24.96,-11.96,7.3438500348,53.9321333333,Jania,Rhodophyta
Jania rubens,-18.13,5.56,2,-23.69,-12.57,7.8630274068,61.8272,Jania,Rhodophyta
Jania sagittatum,-18.37,NA,1,-18.37,-18.37,NA,NA,Jania,Rhodophyta
Jeannerettia lobata,-33.95,NA,1,-33.95,-33.95,NA,NA,Jeannerettia,Rhodophyta
Jeannerettia sp. 1,-27.8,NA,1,-27.8,-27.8,NA,NA,Jeannerettia,Rhodophyta
Kallymenia antarctica,-18.295,2.785,2,-21.08,-15.51,3.9385847712,15.51245,Kallymenia,Rhodophyta
Kallymenia sp. 1,-32.715,0.875,2,-33.59,-31.84,1.2374368671,1.53125,Kallymenia,Rhodophyta
Laurencia botryoides,-13.34,0.02,2,-13.36,-13.32,0.0282842712,0.0008,Laurencia,Rhodophyta
Laurencia hybrida,-14.06,0.51,2,-14.57,-13.55,0.7212489168,0.5202,Laurencia,Rhodophyta
Laurencia majuscula,-17.04,NA,1,-17.04,-17.04,NA,NA,Laurencia,Rhodophyta
Laurencia nipponica,-15.1,NA,1,-15.1,-15.1,NA,NA,Laurencia,Rhodophyta
Laurencia obtusa,-15,NA,1,-15,-15,NA,NA,Laurencia,Rhodophyta
Laurencia pacifica,-14.36,NA,1,-14.36,-14.36,NA,NA,Laurencia,Rhodophyta
Laurencia sp. 1,-15.5,NA,1,-15.5,-15.5,NA,NA,Laurencia,Rhodophyta
Laurencia sp. 2,-11,NA,1,-11,-11,NA,NA,Laurencia,Rhodophyta
Lemanea mamillosa,-40.37,1.1863051884,6,-43.54,-36.7,2.9058423908,8.44392,Lemanea,Rhodophyta
Lenormandia marginata,-23.25,0.8527445886,6,-25.7,-20.58,2.0887891229,4.36304,Lenormandia,Rhodophyta
Liagora viscida,-8.53,NA,1,-8.53,-8.53,NA,NA,Liagora,Rhodophyta
Liagoropsis schrammi,-18,NA,1,-18,-18,NA,NA,Liagoropsis,Rhodophyta
Lomentaria articulata,-29.32,0.8373917841,8,-31.87,-24.25,2.3685016361,5.6098,Lomentaria,Rhodophyta
Lomentaria catenata,-19.8,NA,1,-19.8,-19.8,NA,NA,Lomentaria,Rhodophyta
Lomentaria clavellosa,-33.69,NA,1,-33.69,-33.69,NA,NA,Lomentaria,Rhodophyta
Lomentaria sp. 1,-29.04,NA,1,-29.04,-29.04,NA,NA,Lomentaria,Rhodophyta
Lophocladia lallemandii,-27.8991596639,NA,1,-27.9,-27.9,NA,NA,Lophocladia,Rhodophyta
Mastocarpus alaskensis,-14.1131,NA,1,-14.11,-14.11,NA,NA,Mastocarpus,Rhodophyta
Mastocarpus cristatus,-20.2,NA,1,-20.2,-20.2,NA,NA,Mastocarpus,Rhodophyta
Mastocarpus jardiini,-16.9525,NA,1,-16.95,-16.95,NA,NA,Mastocarpus,Rhodophyta
Mastocarpus sp. 1,-20.89,NA,1,-20.89,-20.89,NA,NA,Mastocarpus,Rhodophyta
Mastocarpus sp. 2,-13.04,NA,1,-13.04,-13.04,NA,NA,Mastocarpus,Rhodophyta
Mastocarpus stellatus,-19.13,0.4198830246,19,-22.7,-15.4,1.8302276725,3.3497333333,Mastocarpus,Rhodophyta
Mastophoropsis canaliculata,-22.58,0.77,2,-23.35,-21.81,1.088944443,1.1858,Mastophoropsis,Rhodophyta
Mazzaella affinis,-20.6925,NA,1,-20.69,-20.69,NA,NA,Mazzaella,Rhodophyta
Mazzaella flaccida,-17.76,1.25,2,-19.01,-16.51,1.767766953,3.125,Mazzaella,Rhodophyta
Mazzaella parksii,-22.7175,NA,1,-22.72,-22.72,NA,NA,Mazzaella,Rhodophyta
Mazzaella splendens,-18.37,NA,1,-18.37,-18.37,NA,NA,Mazzaella,Rhodophyta
Membranoptera alata,-32.1747777778,0.8060056137,18,-34.43,-19.07,3.4195922109,11.6936108889,Membranoptera,Rhodophyta
Metamastophora flabellata,-15.04,NA,1,-15.04,-15.04,NA,NA,Metamastophora,Rhodophyta
Microcladia borealis,-20.2175,NA,1,-20.22,-20.22,NA,NA,Microcladia,Rhodophyta
Mychodea aciculare,-21.25,NA,1,-21.25,-21.25,NA,NA,Mychodea,Rhodophyta
Myriogramme crispata,-31.06,NA,1,-31.06,-31.06,NA,NA,Myriogramme,Rhodophyta
Myriogramme gunniana,-35.45,NA,1,-35.45,-35.45,NA,NA,Myriogramme,Rhodophyta
Myriogramme manginii,-33.1,NA,1,-33.1,-33.1,NA,NA,Myriogramme,Rhodophyta
Neogoniolithon Brassica-florida,-12.4,NA,1,-12.4,-12.4,NA,NA,Neogoniolithon,Rhodophyta
Neorhodomela larix,-20.582,0.3417513716,5,-21.39,-19.5,0.7641792983,0.58397,Neorhodomela,Rhodophyta
Neuroglossum delesseriae,-32.51,0.62,2,-33.13,-31.89,0.8768124087,0.7688,Neuroglossum,Rhodophyta
Nitophyllum pulchellum,-33.59,NA,1,-33.59,-33.59,NA,NA,Nitophyllum,Rhodophyta
Nitophyllum punctatum,-31.57,0.5120872322,3,-32.16,-30.55,0.886961104,0.7867,Nitophyllum,Rhodophyta
Odonthalia dentata,-25.5811111111,1.4615711147,9,-31.03,-16.9,4.3847133442,19.2257111111,Odonthalia,Rhodophyta
Opuntiella californica,-33.3275,0.4312264486,4,-34.54,-32.5,0.8624528973,0.743825,Opuntiella,Rhodophyta
Osmundaria prolifera,-25.98,NA,1,-25.98,-25.98,NA,NA,Osmundaria,Rhodophyta
Osmundaria sp. 1,-33.6,NA,1,-33.6,-33.6,NA,NA,Osmundaria,Rhodophyta
Osmundea pinnatifida,-15.6133333333,1.0678130677,12,-20.26,-9.72,3.6990129724,13.6826969697,Osmundea,Rhodophyta
Osmundea spectabilis,-16.3075,NA,1,-16.31,-16.31,NA,NA,Osmundea,Rhodophyta
Pachymenia lusoria,-13.86,0.22,2,-14.08,-13.64,0.3111269837,0.0968,Pachymenia,Rhodophyta
Palisada poiteaui,-11.8,NA,1,-11.8,-11.8,NA,NA,Palisada,Rhodophyta
Palmaria decipiens,-17.5557142857,2.7681004809,7,-31.39,-9.69,7.3237054764,53.6366619048,Palmaria,Rhodophyta
Palmaria palmata,-18.5181481481,0.7409345829,27,-33.94,-14.41,3.850009028,14.8225695157,Palmaria,Rhodophyta
Peyssonnelia inamoena,-13.5025,1.3193140579,4,-15.93,-9.77,2.6386281158,6.9623583333,Peyssonnelia,Rhodophyta
Peyssonnelia sp. 1,-20.1,2.2915372258,7,-32.71,-14.88,6.0628376195,36.758,Peyssonnelia,Rhodophyta
Peyssonnelia sp. 2,-17.43,1.59,2,-19.02,-15.84,2.2485995642,5.0562,Peyssonnelia,Rhodophyta
Peyssonnelia sp. 3,-12.7,NA,1,-12.7,-12.7,NA,NA,Peyssonnelia,Rhodophyta
Phacelocarpus peperocarpos,-33.2066666667,0.4723816724,3,-33.98,-32.35,0.8181890572,0.6694333333,Phacelocarpus,Rhodophyta
Phacelocarpus sp. 1,-34.16,NA,1,-34.16,-34.16,NA,NA,Phacelocarpus,Rhodophyta
Phycodrys antarctica,-32.565,1.135,2,-33.7,-31.43,1.6051323933,2.57645,Phycodrys,Rhodophyta
Phycodrys rubens,-33.9352631579,0.3869443713,19,-37,-30.89,1.6866514111,2.8447929825,Phycodrys,Rhodophyta
Phyllophora antarctica,-35.975,0.775,2,-36.75,-35.2,1.0960155108,1.20125,Phyllophora,Rhodophyta
Phyllophora crispa,-31.745,3.015,2,-34.76,-28.73,4.2638538906,18.18045,Phyllophora,Rhodophyta
Phymatolithon masonianum,-14.03,NA,1,-14.03,-14.03,NA,NA,Phymatolithon,Rhodophyta
Plocamium angustum,-32.27,0.4327335593,9,-34.16,-30.49,1.2982006779,1.685325,Plocamium,Rhodophyta
Plocamium cartilagineum,-32.9418518519,0.3283239128,27,-38.1,-29.14,1.7060210952,2.9105079772,Plocamium,Rhodophyta
Plocamium costata,-33.39,NA,1,-33.39,-33.39,NA,NA,Plocamium,Rhodophyta
Plocamium dilatatum,-33.4975,0.5365223667,4,-34.75,-32.27,1.0730447335,1.151425,Plocamium,Rhodophyta
Plocamium mertensii,-34.15,0.3995414038,3,-34.72,-33.38,0.6920260111,0.4789,Plocamium,Rhodophyta
Plocamium microcladioides,-30.95,NA,1,-30.95,-30.95,NA,NA,Plocamium,Rhodophyta
Plocamium preissianum,-34.145,0.405,2,-34.55,-33.74,0.5727564928,0.32805,Plocamium,Rhodophyta
Plocamium sp. 1,-32.5,NA,1,-32.5,-32.5,NA,NA,Plocamium,Rhodophyta
Plocamium sp. 2,-33.34,NA,1,-33.34,-33.34,NA,NA,Plocamium,Rhodophyta
Plocamium sp. 3,-31.14,NA,1,-31.14,-31.14,NA,NA,Plocamium,Rhodophyta
Plocamium sp. 4,-16.7,NA,1,-16.7,-16.7,NA,NA,Plocamium,Rhodophyta
Plocamium telfairiae,-33.7,NA,1,-33.7,-33.7,NA,NA,Plocamium,Rhodophyta
Plocamium violacum,-30.96,NA,1,-30.96,-30.96,NA,NA,Plocamium,Rhodophyta
Plumaria plumosa,-31.2033333333,0.4217555901,3,-31.98,-30.53,0.7305021104,0.5336333333,Plumaria,Rhodophyta
Pollexfenia lobata,-20.69,NA,1,-20.69,-20.69,NA,NA,Pollexfenia,Rhodophyta
Polycoelia laciniata,-28.33,NA,1,-28.33,-28.33,NA,NA,Polycoelia,Rhodophyta
Polyides rotunda,-16.0075,0.5615807303,4,-17.62,-15.01,1.1231614606,1.2614916667,Polyides,Rhodophyta
Polyopes constrictus,-23.92,NA,1,-23.92,-23.92,NA,NA,Polyopes,Rhodophyta
Polysiphonia brodiaei,-17.77,NA,1,-17.77,-17.77,NA,NA,Polysiphonia,Rhodophyta
Polysiphonia elongata,-20,1.6,2,-21.6,-18.4,2.2627416998,5.12,Polysiphonia,Rhodophyta
Polysiphonia fibrillosa,-24.61,NA,1,-24.61,-24.61,NA,NA,Polysiphonia,Rhodophyta
Polysiphonia fucoides,-14.47,NA,1,-14.47,-14.47,NA,NA,Polysiphonia,Rhodophyta
Polysiphonia lanosa,-20.695,0.4333342491,8,-22.8,-19.3,1.2256543442,1.5022285714,Polysiphonia,Rhodophyta
Polysiphonia nigra,-17.49,NA,1,-17.49,-17.49,NA,NA,Polysiphonia,Rhodophyta
Polysiphonia sp. 1,-23.15,2.95,2,-26.1,-20.2,4.171930009,17.405,Polysiphonia,Rhodophyta
Polysiphonia sp. 2,-18.8033333333,1.3550071751,3,-20.41,-16.11,2.3469412718,5.5081333333,Polysiphonia,Rhodophyta
Polysiphonia sp. 3,-20,NA,1,-20,-20,NA,NA,Polysiphonia,Rhodophyta
Polysiphonia sp. 4,-33.21,0.06,2,-33.27,-33.15,0.0848528137,0.0072,Polysiphonia,Rhodophyta
Polysiphonia stricta,-28.52,0.8352444752,3,-29.39,-26.85,1.4466858678,2.0929,Polysiphonia,Rhodophyta
Porphyra endiviifolium,-24.13,3.27,2,-27.4,-20.86,4.624478349,21.3858,Porphyra,Rhodophyta
Porphyra leucosticta,-18.75,NA,1,-18.75,-18.75,NA,NA,Porphyra,Rhodophyta
Porphyra perforata,-15.955,2.065,2,-18.02,-13.89,2.9203510063,8.52845,Porphyra,Rhodophyta
Porphyra purpurea,-20.27,NA,1,-20.27,-20.27,NA,NA,Porphyra,Rhodophyta
Porphyra sp. 1,-20.74,NA,1,-20.74,-20.74,NA,NA,Porphyra,Rhodophyta
Porphyra sp. 2,-18.195,1.785,2,-19.98,-16.41,2.5243712088,6.37245,Porphyra,Rhodophyta
Porphyra umbilicalis,-20.1988888889,0.432507047,9,-22.19,-18.39,1.2975211409,1.6835611111,Porphyra,Rhodophyta
Pterocladia capillacea,-32.96,NA,1,-32.96,-32.96,NA,NA,Pterocladia,Rhodophyta
Pterocladiella capillacea,-16.3242857143,0.776248172,7,-20.21,-14.5,2.0537596187,4.2179285714,Pterocladiella,Rhodophyta
Pterocladiella sp. 1,-18.86,NA,1,-18.86,-18.86,NA,NA,Pterocladiella,Rhodophyta
Pterosiphonia sp. 1,-14.04,NA,1,-14.04,-14.04,NA,NA,Pterosiphonia,Rhodophyta
Ptilonia australasica,-33.69,NA,1,-33.69,-33.69,NA,NA,Ptilonia,Rhodophyta
Ptilonia sp. 1,-31.88,NA,1,-31.88,-31.88,NA,NA,Ptilonia,Rhodophyta
Ptilonia subulifera,-36.22,NA,1,-36.22,-36.22,NA,NA,Ptilonia,Rhodophyta
Ptilophora mediterranea,-34.2,NA,1,-34.2,-34.2,NA,NA,Ptilophora,Rhodophyta
Ptilota gunneri,-32.5066666667,0.7462573283,9,-34.63,-27.02,2.2387719848,5.0121,Ptilota,Rhodophyta
Ptilota plumosa,-33.66,NA,1,-33.66,-33.66,NA,NA,Ptilota,Rhodophyta
Ptilota serrata,-34,NA,1,-34,-34,NA,NA,Ptilota,Rhodophyta
Rhodochorton sp. 1,-19.13,NA,1,-19.13,-19.13,NA,NA,Rhodochorton,Rhodophyta
Rhodomela confervoides,-23.06,0.79,2,-23.85,-22.27,1.1172287143,1.2482,Rhodomela,Rhodophyta
Rhodomela lycopodoides,-23.15,NA,1,-23.15,-23.15,NA,NA,Rhodomela,Rhodophyta
Rhodophyllis membranacea,-31.75,0.45,2,-32.2,-31.3,0.6363961031,0.405,Rhodophyllis,Rhodophyta
Rhodophyllis multipartita,-33.71,0.37,2,-34.08,-33.34,0.5232590181,0.2738,Rhodophyllis,Rhodophyta
Rhodophyllis sp. 1,-34.03,0.4,2,-34.43,-33.63,0.5656854249,0.32,Rhodophyllis,Rhodophyta
Rhodothamniella floridula,-16.39,NA,1,-16.39,-16.39,NA,NA,Rhodothamniella,Rhodophyta
Rhodymenia california,-29.8,NA,1,-29.8,-29.8,NA,NA,Rhodymenia,Rhodophyta
Rhodymenia pseudopalmata,-36.6,0.8,2,-37.4,-35.8,1.1313708499,1.28,Rhodymenia,Rhodophyta
Rhodymenia sp. 1,-29.18,NA,1,-29.18,-29.18,NA,NA,Rhodymenia,Rhodophyta
Rhodymenia sp. 2,-33.2733333333,0.2689072537,3,-33.6,-32.74,0.465761026,0.2169333333,Rhodymenia,Rhodophyta
Rytiphlaea tinctoria,-13.47,NA,1,-13.47,-13.47,NA,NA,Rytiphlaea,Rhodophyta
Sarcodia sp. 1,-34,NA,1,-34,-34,NA,NA,Sarcodia,Rhodophyta
Schizoseris hymenena,-34.16,NA,1,-34.16,-34.16,NA,NA,Schizoseris,Rhodophyta
Schizymenia dubyi,-24.1,NA,1,-24.1,-24.1,NA,NA,Schizymenia,Rhodophyta
Schizymenia pacifica,-18.46,NA,1,-18.46,-18.46,NA,NA,Schizymenia,Rhodophyta
Schottera nicaeensis,-32.7,NA,1,-32.7,-32.7,NA,NA,Schottera,Rhodophyta
Scinaia tsinglanensis,-23.64,NA,1,-23.64,-23.64,NA,NA,Scinaia,Rhodophyta
Solieria robusta,-17.39,NA,1,-17.39,-17.39,NA,NA,Solieria,Rhodophyta
Sonderopelta coriacea,-18.316,0.5425274187,5,-20.44,-17.54,1.2131281878,1.47168,Sonderopelta,Rhodophyta
Sphaerococcus coronopifolius,-33.3366666667,0.253135888,3,-33.74,-32.87,0.4384442192,0.1922333333,Sphaerococcus,Rhodophyta
Spongoclonium pastorale,-31.3,1.1,2,-32.4,-30.2,1.5556349186,2.42,Spongoclonium,Rhodophyta
Stenogramma interruptum,-33.8433333333,1.0537604619,3,-35.01,-31.74,1.8251666591,3.3312333333,Stenogramma,Rhodophyta
Symphyocladia latiuscula,-18.8,NA,1,-18.8,-18.8,NA,NA,Symphyocladia,Rhodophyta
Thamnoclonium dichotomum,-30.125,0.2679396698,6,-31.1,-29.41,0.6563154729,0.43075,Thamnoclonium,Rhodophyta
Trematocarpus antarcticus,-20.7,NA,1,-20.7,-20.7,NA,NA,Trematocarpus,Rhodophyta
Tricleocarpa cylindrica,-16.5,NA,1,-16.5,-16.5,NA,NA,Tricleocarpa,Rhodophyta
Tylotus obtusatus,-33.71,NA,1,-33.71,-33.71,NA,NA,Tylotus,Rhodophyta
Vertebrata lanosa,-21.28,1.2870120435,5,-25.7,-19.1,2.877846417,8.282,Vertebrata,Rhodophyta
Weeksia coccinea,-20.269,NA,1,-20.27,-20.27,NA,NA,Weeksia,Rhodophyta
Wrangelia sp. 1,-30,NA,1,-30,-30,NA,NA,Wrangelia,Rhodophyta
Wrightiella blodgetti,-32.24,NA,1,-32.24,-32.24,NA,NA,Wrightiella,Rhodophyta
Yamadaella caenomyce,-18.2,NA,1,-18.2,-18.2,NA,NA,Yamadaella,Rhodophyta
Amphibolis antarctica,-8.58,0.32,2,-8.9,-8.26,0.45254834,0.2048,Amphibolis,Tracheophyta
Amphibolis sp.,-13.7,0.76,2,-14.46,-12.94,1.0748023074,1.1552,Amphibolis,Tracheophyta
Cymodocea nodosa,-7.7277777778,0.2507251647,18,-9.9,-5.7,1.063736785,1.1315359477,Cymodocea,Tracheophyta
Cymodocea serrulata,-8.98,NA,1,-8.98,-8.98,NA,NA,Cymodocea,Tracheophyta
Cymodocea sp. 1,-5.6,NA,1,-5.6,-5.6,NA,NA,Cymodocea,Tracheophyta
Halophila ovata,-7.4,NA,1,-7.4,-7.4,NA,NA,Halophila,Tracheophyta
Halophila sp. 1,-7.36,NA,1,-7.36,-7.36,NA,NA,Halophila,Tracheophyta
Heterozostera tasmanica,-13.0681818182,NA,1,-13.07,-13.07,NA,NA,Heterozostera,Tracheophyta
Phyllospadix scouleri,-14.9066666667,0.8825405247,3,-16.15,-13.2,1.5286050286,2.3366333333,Phyllospadix,Tracheophyta
Posidonia oceanica,-13.5034957983,0.390620527,10,-16.2,-12.1,1.2352505663,1.5258439614,Posidonia,Tracheophyta
Ruppia maritima,-9.4,NA,1,-9.4,-9.4,NA,NA,Ruppia,Tracheophyta
Thalassia testudinum,-8.865,0.6602209226,4,-10.1,-7,1.3204418452,1.7435666667,Thalassia,Tracheophyta
Zostera marina,-10.9081481481,0.2699377564,27,-13.63,-8.34,1.4026377268,1.9673925926,Zostera,Tracheophyta
Zostera noltii,-12.0714285714,0.3167651118,7,-12.9,-10.3,0.8380817098,0.7023809524,Zostera,Tracheophyta
Zostera nova-zellandiae,-14.11,NA,1,-14.11,-14.11,NA,NA,Zostera,Tracheophyta
Zostera sp. 1,-9.48,1.1950871656,3,-11.87,-8.26,2.0699516903,4.2847,Zostera,Tracheophyta
Zostera sp. 2,-7.95,NA,1,-7.95,-7.95,NA,NA,Zostera,Tracheophyta
,20,,,,,,,,dummy
